quiet_track_0,active_track_0,jailed_track_0,quiet_track_1,active_track_1,jailed_track_1,quiet_track_2,active_track_2,jailed_track_2,quiet_track_3,active_track_3,jailed_track_3,quiet_track_4,active_track_4,jailed_track_4
1120,0,0,1120,0,0,1120,0,0,1120,0,0,1120,0,0
1099,1,20,1083,6,31,1101,1,18,1102,0,18,1079,3,38
1099,0,21,1086,0,34,1097,0,23,1102,0,18,1082,0,38
1100,0,20,1087,0,33,1098,0,22,1102,0,18,1086,0,34
1100,0,20,1086,0,34,1098,0,22,1104,0,16,1084,0,36
1099,0,21,1089,0,31,1097,0,23,1102,0,18,1085,0,35
1099,0,21,1090,0,30,1097,0,23,1103,0,17,1086,0,34
1100,0,20,1091,0,29,1098,0,22,1102,0,18,1086,0,34
1101,0,19,1091,0,29,1099,0,21,1103,0,17,1085,0,35
1100,0,20,1089,0,31,1099,0,21,1102,0,18,1088,0,32
1100,0,20,1090,0,30,1099,0,21,1102,0,18,1085,0,35
1101,0,19,1091,0,29,1099,0,21,1102,0,18,1087,0,33
1103,0,17,1092,0,28,1100,0,20,1103,0,17,1087,0,33
1102,0,18,1092,0,28,1099,0,21,1103,0,17,1087,0,33
1101,0,19,1091,0,29,1100,0,20,1103,0,17,1086,0,34
1100,0,20,1092,0,28,1103,0,17,1102,0,18,1088,0,32
1101,0,19,1092,0,28,1101,0,19,1105,0,15,1087,0,33
1102,0,18,1093,0,27,1103,0,17,1103,0,17,1088,0,32
1100,0,20,1094,0,26,1101,0,19,1104,0,16,1090,0,30
1102,0,18,1095,0,25,1101,0,19,1102,0,18,1088,0,32
1101,0,19,1096,0,24,1103,0,17,1102,0,18,1089,0,31
1101,0,19,1096,0,24,1101,0,19,1103,0,17,1088,0,32
1100,0,20,1099,0,21,1101,0,19,1104,0,16,1089,0,31
1103,0,17,1101,0,19,1103,0,17,1103,0,17,1092,0,28
1102,0,18,1104,0,16,1102,0,18,1103,0,17,1089,0,31
1100,0,20,1104,0,16,1103,0,17,1104,0,16,1091,0,29
1102,0,18,1104,0,16,1105,0,15,1104,0,16,1093,0,27
1102,0,18,1105,0,15,1102,0,18,1103,0,17,1097,0,23
1101,0,19,1105,0,15,1102,0,18,1103,0,17,1095,0,25
1100,0,20,1107,0,13,1102,0,18,1103,0,17,1095,0,25
1103,0,17,1111,0,9,1105,0,15,1107,0,13,1098,0,22
1101,0,19,1109,0,11,1102,0,18,1103,0,17,1096,0,24
1101,0,19,1108,0,12,1102,0,18,1103,0,17,1097,0,23
1100,0,20,1109,0,11,1080,5,35,1104,0,16,1098,0,22
1100,0,20,1108,0,12,1085,0,35,1104,0,16,1096,0,24
1103,0,17,1108,0,12,1085,0,35,1104,0,16,1097,0,23
1005,52,63,1109,0,11,1084,0,36,1104,0,16,1096,0,24
719,278,123,1109,0,11,1086,0,34,1104,0,16,1097,0,23
612,327,181,1108,0,12,1086,0,34,1105,0,15,1096,0,24
613,269,238,1108,0,12,1087,0,33,1103,0,17,1095,0,25
618,212,290,1109,0,11,1086,0,34,1103,0,17,1096,0,24
612,160,348,1108,0,12,1086,0,34,1104,0,16,1097,0,23
622,102,396,1108,0,12,1088,0,32,1105,0,15,1096,0,24
639,40,441,1109,0,11,1089,0,31,1103,0,17,1095,0,25
676,1,443,1110,0,10,1090,0,30,1104,0,16,1097,0,23
702,0,418,1109,0,11,1093,0,27,1106,0,14,1095,0,25
719,0,401,1109,0,11,1092,0,28,1104,0,16,1096,0,24
732,0,388,1108,0,12,1090,0,30,1103,0,17,1096,0,24
752,0,368,1108,0,12,1091,0,29,1104,0,16,1096,0,24
766,0,354,1108,0,12,1092,0,28,1104,0,16,1094,0,26
782,0,338,1108,0,12,1096,0,24,1105,0,15,1094,0,26
802,0,318,1108,0,12,1097,0,23,1105,0,15,1094,0,26
828,0,292,1110,0,10,1096,0,24,1103,0,17,1095,0,25
840,0,280,1108,0,12,1098,0,22,1108,0,12,1095,0,25
861,0,259,1109,0,11,1097,0,23,1104,0,16,1099,0,21
884,0,236,1110,0,10,1100,0,20,1105,0,15,1096,0,24
898,0,222,1108,0,12,1100,0,20,1104,0,16,1095,0,25
909,0,211,1108,0,12,1098,0,22,1104,0,16,1095,0,25
927,0,193,1109,0,11,1099,0,21,1103,0,17,1097,0,23
940,0,180,1108,0,12,1100,0,20,1103,0,17,1094,0,26
950,0,170,1109,0,11,1102,0,18,1104,0,16,1096,0,24
971,0,149,1108,0,12,1100,0,20,1103,0,17,1096,0,24
983,0,137,1109,0,11,1073,4,43,1107,0,13,1094,0,26
1001,0,119,1109,0,11,1078,0,42,1104,0,16,1094,0,26
1013,0,107,1109,0,11,1077,0,43,1104,0,16,1097,0,23
1030,0,90,1108,0,12,1080,0,40,1104,0,16,1095,0,25
1044,1,75,1108,0,12,1083,0,37,1104,0,16,1096,0,24
1061,0,59,1108,0,12,1082,0,38,1103,0,17,1096,0,24
1074,0,46,1109,0,11,1081,0,39,1104,0,16,1095,0,25
1079,0,41,1109,0,11,1084,0,36,1105,0,15,1095,0,25
1086,0,34,1109,0,11,1085,0,35,1104,0,16,1094,0,26
1095,0,25,1059,22,39,1088,0,32,1104,0,16,1094,0,26
1097,0,23,910,109,101,1090,0,30,1104,0,16,1097,0,23
1100,0,20,624,332,164,1091,0,29,1067,10,43,1095,0,25
1101,0,19,621,278,221,1090,0,30,1000,34,86,1097,0,23
1104,0,16,619,221,280,1089,0,31,828,146,146,1095,0,25
1100,0,20,628,162,330,1090,0,30,634,282,204,1095,0,25
1100,0,20,623,112,385,1093,0,27,631,228,261,1097,0,23
1102,0,18,642,46,432,1062,8,50,634,171,315,1097,0,23
1104,0,16,700,0,420,1072,0,48,636,116,368,1096,0,24
1101,0,19,718,0,402,1072,0,48,642,57,421,1093,0,27
1101,0,19,729,0,391,1073,0,47,689,1,430,1095,0,25
1100,0,20,742,0,378,1076,0,44,707,0,413,1095,0,25
1100,0,20,761,0,359,1078,0,42,721,0,399,1096,0,24
1102,0,18,777,0,343,1077,0,43,736,0,384,1095,0,25
1100,0,20,791,0,329,1077,0,43,741,1,378,1095,0,25
1101,0,19,807,0,313,1080,0,40,759,0,361,1096,0,24
1100,0,20,819,0,301,1080,0,40,767,0,353,1096,0,24
1101,0,19,836,0,284,1083,0,37,781,0,339,1094,0,26
1099,0,21,853,0,267,1084,0,36,796,0,324,1097,0,23
1101,0,19,869,0,251,1083,0,37,813,0,307,1097,0,23
1101,0,19,889,0,231,1085,0,35,827,0,293,1097,0,23
1099,0,21,914,0,206,1085,0,35,846,0,274,1096,0,24
1100,0,20,927,0,193,1085,0,35,867,0,253,1095,0,25
1099,0,21,888,23,209,1086,0,34,882,0,238,1095,0,25
1101,0,19,859,22,239,1087,0,33,902,0,218,1096,0,24
1099,0,21,832,31,257,1086,0,34,924,0,196,1094,0,26
1102,0,18,777,47,296,1087,0,33,938,0,182,1095,0,25
1100,0,20,708,78,334,1089,0,31,944,0,176,1094,0,26
1101,0,19,679,66,375,1090,0,30,965,0,155,1095,0,25
1101,0,19,692,18,410,1091,0,29,982,0,138,1099,0,21
1100,0,20,736,0,384,1093,0,27,997,0,123,1097,0,23
1101,0,19,769,0,351,1093,0,27,1012,0,108,1098,0,22
1102,0,18,808,0,312,1096,0,24,1025,0,95,1100,0,20
1100,0,20,834,0,286,1097,0,23,1048,0,72,1096,0,24
1101,0,19,845,0,275,1097,0,23,1066,0,54,1095,0,25
1102,0,18,865,0,255,1098,0,22,1076,0,44,1096,0,24
1101,0,19,883,0,237,1099,0,21,1091,0,29,1097,0,23
1100,0,20,895,0,225,1102,0,18,1096,0,24,1096,0,24
1102,0,18,909,0,211,1103,0,17,1103,0,17,1095,0,25
1101,0,19,915,0,205,1101,0,19,1102,0,18,1098,0,22
1101,0,19,926,0,194,1104,0,16,1103,0,17,1099,0,21
1103,0,17,941,0,179,1105,0,15,1103,0,17,1096,0,24
1102,0,18,952,0,168,1102,0,18,1105,0,15,1097,0,23
1101,0,19,962,0,158,1102,0,18,1104,0,16,1097,0,23
1101,0,19,979,0,141,1102,0,18,1104,0,16,1099,0,21
1100,0,20,990,0,130,1101,0,19,1103,0,17,1096,0,24
1102,0,18,996,0,124,1102,0,18,1106,0,14,1095,0,25
1101,0,19,979,9,132,1106,0,14,1104,0,16,1096,0,24
1101,0,19,995,0,125,1099,0,21,1103,0,17,1096,0,24
1102,0,18,1009,0,111,1099,0,21,1103,0,17,1098,0,22
1102,0,18,1015,0,105,1099,0,21,1104,0,16,1097,0,23
1101,0,19,1022,0,98,1100,0,20,1103,0,17,1097,0,23
1102,0,18,1039,0,81,1102,0,18,1105,0,15,1097,0,23
1100,0,20,1046,0,74,1099,0,21,1103,0,17,1098,0,22
1101,0,19,1056,0,64,1100,0,20,1104,0,16,1096,0,24
1100,0,20,1060,0,60,1099,0,21,1104,0,16,1095,0,25
1101,0,19,1075,0,45,1100,0,20,1106,0,14,1097,0,23
1022,38,60,1083,0,37,1099,0,21,1104,0,16,1096,0,24
753,244,123,1089,0,31,1101,0,19,1106,0,14,1098,0,22
615,326,179,1093,0,27,1099,0,21,1103,0,17,1096,0,24
614,271,235,1094,0,26,1100,0,20,1105,0,15,1097,0,23
612,215,293,1096,0,24,1102,0,18,1105,0,15,1098,0,22
617,157,346,1097,0,23,1101,0,19,1107,0,13,1095,0,25
621,103,396,1096,0,24,1101,0,19,1103,0,17,1096,0,24
632,39,449,1097,0,23,1101,0,19,1105,0,15,1099,0,21
671,0,449,1100,0,20,1101,0,19,1104,0,16,1096,0,24
689,0,431,1097,0,23,1100,0,20,1103,0,17,1097,0,23
704,0,416,1101,0,19,1100,0,20,1103,0,17,1096,0,24
723,0,397,1099,0,21,1100,0,20,1103,0,17,1096,0,24
739,0,381,1100,0,20,1102,0,18,1103,0,17,1096,0,24
756,0,364,1102,0,18,1101,0,19,1104,0,16,1095,0,25
769,0,351,1102,0,18,1103,0,17,1104,0,16,1095,0,25
787,0,333,1104,0,16,1100,0,20,1104,0,16,1096,0,24
808,0,312,1105,0,15,1103,0,17,1103,0,17,1094,0,26
823,0,297,1106,0,14,1102,0,18,1104,0,16,1095,0,25
839,0,281,1106,0,14,1103,0,17,1105,0,15,1096,0,24
850,0,270,1107,0,13,1102,0,18,1104,0,16,1095,0,25
876,0,244,1110,0,10,1101,0,19,1103,0,17,1094,0,26
889,0,231,1108,0,12,1102,0,18,1104,0,16,1094,0,26
906,0,214,1109,0,11,1101,0,19,1103,0,17,1096,0,24
919,0,201,1108,0,12,1104,0,16,1104,0,16,1095,0,25
941,0,179,1110,0,10,1101,0,19,1103,0,17,1099,0,21
962,0,158,1108,0,12,1101,0,19,1104,0,16,1095,0,25
976,0,144,1109,0,11,1103,0,17,1103,0,17,1094,0,26
994,0,126,1109,0,11,1101,0,19,1103,0,17,1097,0,23
1005,0,115,1109,0,11,1103,0,17,1104,0,16,1096,0,24
1027,0,93,1108,0,12,1104,0,16,1107,0,13,1097,0,23
1039,0,81,1110,0,10,1104,0,16,1103,0,17,1095,0,25
1053,0,67,1108,0,12,1101,0,19,1104,0,16,1097,0,23
1062,0,58,1110,0,10,1103,0,17,1106,1,13,1096,0,24
1076,0,44,1109,0,11,1102,0,18,1105,0,15,1097,0,23
1087,0,33,1110,0,10,1101,0,19,1106,0,14,1099,0,21
1098,0,22,1108,0,12,1103,0,17,1104,0,16,1096,0,24
1100,0,20,1108,0,12,1101,0,19,1104,0,16,1097,0,23
1101,0,19,1108,0,12,1102,0,18,1104,0,16,1095,0,25
1102,0,18,1108,0,12,1102,0,18,1105,0,15,1096,0,24
1102,0,18,1110,0,10,1102,0,18,1104,0,16,1096,0,24
1100,0,20,1110,0,10,1102,0,18,1104,0,16,1098,0,22
1100,0,20,1110,0,10,1102,0,18,1104,0,16,1097,0,23
1098,0,22,1108,0,12,1103,0,17,1103,0,17,1097,0,23
1101,0,19,1109,0,11,1102,0,18,1104,0,16,1097,0,23
1098,0,22,1108,0,12,1102,0,18,1103,0,17,1095,0,25
1099,0,21,1108,0,12,1102,0,18,1105,0,15,1097,0,23
1097,0,23,1108,0,12,1101,0,19,1104,0,16,1096,0,24
1097,0,23,1108,0,12,1104,0,16,1104,0,16,1096,0,24
1100,0,20,1110,0,10,1101,0,19,1103,0,17,1095,0,25
1099,0,21,1109,0,11,1103,0,17,1105,0,15,1096,0,24
1098,0,22,1108,0,12,1102,0,18,1103,0,17,1098,0,22
1099,0,21,1109,0,11,1101,0,19,1105,0,15,1096,0,24
1098,0,22,1108,0,12,1104,0,16,1105,0,15,1096,0,24
1098,0,22,1109,0,11,1101,0,19,1103,0,17,1097,0,23
1099,0,21,1109,0,11,1102,0,18,1103,0,17,1097,0,23
1101,0,19,1110,0,10,1103,0,17,1104,0,16,1095,0,25
1100,0,20,1109,0,11,1102,0,18,1104,0,16,1097,0,23
1102,0,18,1109,0,11,1103,0,17,1106,0,14,1096,0,24
1100,0,20,1109,0,11,1101,0,19,1104,0,16,1095,0,25
1100,0,20,1109,0,11,1103,0,17,1104,0,16,1096,0,24
1100,0,20,1108,0,12,1102,0,18,1105,0,15,1095,0,25
1099,0,21,1108,0,12,1102,0,18,1104,0,16,1098,0,22
1101,0,19,1110,0,10,1102,0,18,1105,0,15,997,51,72
1101,0,19,1108,0,12,1102,0,18,1103,0,17,746,240,134
1093,0,27,1108,0,12,1101,0,19,1104,0,16,634,297,189
1094,0,26,1108,0,12,1102,0,18,1104,0,16,632,242,246
1094,0,26,1109,0,11,1103,0,17,1103,0,17,639,185,296
1095,0,25,1108,0,12,1103,0,17,1104,0,16,639,133,348
1094,0,26,1109,0,11,1102,0,18,1105,0,15,645,75,400
1094,0,26,1109,0,11,1103,0,17,1104,0,16,687,8,425
1094,0,26,1109,0,11,1103,0,17,1104,0,16,706,0,414
1097,0,23,1108,0,12,1103,0,17,1103,0,17,725,0,395
1095,0,25,1110,0,10,1106,0,14,1103,0,17,739,0,381
1094,0,26,1109,0,11,1104,0,16,1103,0,17,757,0,363
1097,0,23,1109,0,11,1101,0,19,1104,0,16,768,0,352
1098,0,22,1109,0,11,1101,0,19,1103,0,17,787,0,333
1098,0,22,1109,0,11,1102,0,18,1103,0,17,814,0,306
1098,0,22,1109,0,11,1102,0,18,1103,0,17,839,0,281
1101,0,19,1109,0,11,1103,0,17,1104,0,16,846,0,274
1100,0,20,1112,0,8,1102,0,18,1105,0,15,863,0,257
1098,0,22,1109,0,11,1101,0,19,1105,0,15,873,0,247
1101,0,19,1108,0,12,1103,0,17,1104,0,16,884,0,236
1101,0,19,1108,0,12,1101,0,19,1103,0,17,901,0,219
1100,0,20,1108,0,12,1101,0,19,1104,0,16,913,0,207
1101,0,19,1109,0,11,1101,0,19,1103,0,17,929,0,191
1102,0,18,1109,0,11,1104,0,16,1104,0,16,945,0,175
1101,0,19,1108,0,12,1104,0,16,1105,0,15,957,0,163
1099,0,21,1108,0,12,1104,0,16,1105,0,15,973,0,147
1101,0,19,1109,0,11,1102,0,18,1104,0,16,988,0,132
1100,0,20,1110,0,10,1103,0,17,1105,0,15,999,0,121
1100,0,20,1108,0,12,1101,0,19,1103,0,17,1016,0,104
1099,0,21,1108,0,12,1102,0,18,1104,0,16,1030,0,90
1100,0,20,1109,0,11,1102,0,18,1103,0,17,1044,0,76
1099,0,21,1109,0,11,1102,0,18,1105,0,15,1066,0,54
1103,0,17,1108,0,12,1103,0,17,1103,0,17,1073,0,47
1100,0,20,1108,0,12,1101,0,19,1104,0,16,1083,0,37
1100,0,20,1109,0,11,1103,0,17,1103,0,17,1087,0,33
1020,38,62,1108,0,12,1104,0,16,1105,0,15,1094,0,26
747,248,125,1108,0,12,1102,0,18,1103,0,17,1098,0,22
616,325,179,1108,0,12,1104,0,16,1102,0,18,1092,0,28
611,271,238,1108,0,12,1102,0,18,1104,0,16,1094,0,26
614,212,294,1108,0,12,1102,0,18,1102,0,18,1094,0,26
614,156,350,1108,0,12,1104,0,16,1103,0,17,1092,0,28
620,96,404,1112,0,8,1102,0,18,1102,0,18,1093,0,27
645,26,449,1108,0,12,1104,0,16,1103,0,17,1095,0,25
683,0,437,1110,0,10,1102,0,18,1107,0,13,1095,0,25
702,0,418,1109,0,11,1019,41,60,1105,0,15,1096,0,24
716,0,404,1108,0,12,732,267,121,1103,0,17,1095,0,25
738,0,382,1110,0,10,638,304,178,1103,0,17,1096,0,24
756,1,363,1109,0,11,635,247,238,1103,0,17,1095,0,25
775,0,345,1108,0,12,636,187,297,1105,0,15,1099,0,21
787,0,333,1108,0,12,642,128,350,1103,0,17,1097,0,23
816,0,304,1109,0,11,661,65,394,1103,0,17,1096,0,24
828,0,292,1108,0,12,694,5,421,1102,0,18,1095,0,25
844,0,276,1108,0,12,724,0,396,1051,19,50,1095,0,25
853,1,266,1109,0,11,742,0,378,942,67,111,1100,0,20
871,0,249,1090,3,27,762,0,358,684,264,172,1097,0,23
888,0,232,1033,23,64,777,0,343,631,260,229,1097,0,23
899,0,221,1011,7,102,794,0,326,630,203,287,1097,0,23
915,0,205,981,12,127,804,0,316,635,145,340,1095,0,25
931,0,189,852,96,172,818,0,302,659,74,387,1096,0,24
945,0,175,650,245,225,830,0,290,682,16,422,1097,0,23
965,0,155,620,217,283,849,0,271,715,0,405,1096,0,24
